nuclearindustry;bankingsector;militaryproduction;hotelandrestaurantmanagement;forestryandwoodindustry;utilities;lightindustry;mechanicalengineering;furnitureindustry;medicineandpharmaceutics;metallurgy;naftogaz;footwearindustry;foodprocessingindustry;advertisingindustry;agriculture;building;servicessector;trade;transportationandlogistics;telecommunications;pipelinetransport;tourism;coalindustry;chemicalindustry;electricpower;overheadspecialty;shippingandcrewing
6612;6612;;6612;6612;6612;6612;6612;;6612;;;;6612;6612;6612;6612;6612;6612;6612;6612;;6612;;;6612;6612;
6602;6602;;6602;6602;6602;6602;6602;;6602;;;;6602;6602;6602;6602;6602;6602;6602;6602;;6602;;;6602;6602;
6607;6607;;6607;6607;6607;6607;6607;;6607;;;;6607;6607;6607;6607;6607;6607;6607;6607;;6607;;;6607;6607;
6603;6603;;6603;6603;6603;6603;6603;;6603;;;;6603;6603;6603;6603;6603;6603;6603;6603;;6603;;;6603;6603;
6606;6606;;6606;6606;6606;6606;6606;;6606;;;;6606;6606;6606;6606;6606;6606;6606;6606;;6606;;;6606;6606;
6613;6613;;6613;6613;6613;6613;6613;;6613;;;;6613;6613;6613;6613;6613;6613;6613;6613;;6613;;;6613;6613;
6610;6610;;6610;6610;6610;6610;6610;;6610;;;;6610;6610;6610;6610;6610;6610;6610;6610;;6610;;;6610;6610;
6600;6600;;6600;6600;6600;6600;6600;;6600;;;;6600;6600;6600;6600;6600;6600;6600;6600;;6600;;;6600;6600;
6609;6609;;6609;6609;6609;6609;6609;;6609;;;;6609;6609;6609;6609;6609;6609;6609;6609;;6609;;;6609;6609;
6599;6599;;6599;6599;6599;6599;6599;;6599;;;;6599;6599;6599;6599;6599;6599;6599;6599;;6599;;;6599;6599;
4119;4119;4119;4119;4119;4119;4119;4119;;4119;;;;4119;4119;4119;4119;4119;4119;4119;4119;;4119;;;4119;4119;
6608;6608;;6608;6608;6608;6608;6608;;6608;;;;6608;6608;6608;6608;6608;6608;6608;6608;;6608;;;6608;6608;
6604;6604;;6604;6604;6604;6604;6604;;6604;;;;6604;6604;6604;6604;6604;6604;6604;6604;;6604;;;6604;6604;
6601;6601;6601;6601;6601;6601;6601;6601;;6601;;;;6601;6601;6601;6601;6601;6601;6601;6601;;6601;;;6601;6601;
4858;4858;;4858;4858;4858;4858;4858;;4858;;;4858;4858;4858;4858;4858;4858;4858;4858;4858;;4858;;4858;4858;4858;
4118;4118;4118;4118;4118;4118;4118;4118;;4118;;;4118;4118;4118;4118;4118;4118;4118;4118;4118;;4118;;4118;4118;4118;
4857;4857;4857;4857;4857;4857;4857;4857;;4857;;;4857;4857;4857;4857;4857;4857;4857;4857;4857;;4857;;4857;4857;4857;
6615;6615;;6615;6615;6615;6615;6615;;6615;;;;6615;6615;6615;6615;6615;6615;6615;6615;;6615;;;6615;6615;
6617;6617;;6617;6617;6617;6617;6617;;6617;;;;6617;6617;6617;6617;6617;6617;6617;6617;;6617;;;6617;6617;
6619;6619;;6619;6619;6619;6619;6619;;6619;;;;6619;6619;6619;6619;6619;6619;6619;6619;;6619;;;6619;6619;
4120;4120;4120;4120;4120;4120;4120;4120;;4120;;;;4120;4120;4120;4120;4120;4120;4120;4120;;4120;;;4120;4120;
6618;6618;;6618;6618;6618;6618;6618;;6618;;;;6618;6618;6618;6618;6618;6618;6618;6618;;6618;;;6618;6618;
6616;6616;;6616;6616;6616;6616;6616;;6616;;;;6616;6616;6616;6616;6616;6616;6616;6616;;6616;;;6616;6616;
6614;6614;6614;6614;6614;6614;6614;6614;;6614;;;;6614;6614;6614;6614;6614;6614;6614;6614;;6614;;;6614;6614;
6189;6189;;6189;6189;6189;6189;;;6189;;;;6189;6189;6189;;6189;6189;6189;6189;;;;;;6189;
5926;5926;;5926;5926;5926;5926;;;5926;;;;5926;5926;5926;;5926;5926;5926;5926;;;;;;5926;
5927;5927;;5927;5927;5927;5927;;;5927;;;;5927;5927;5927;;5927;5927;5927;5927;;;;;;5927;
6184;6184;;6184;6184;6184;6184;;;6184;;;;6184;6184;6184;;6184;6184;6184;6184;;;;;;6184;
6180;6180;;6180;6180;6180;6180;;;6180;;;;6180;6180;6180;;6180;6180;6180;6180;;;;;;6180;
4092;4092;;4092;4092;4092;4092;;;4092;;;;4092;4092;4092;;4092;4092;4092;4092;;;;;;4092;
5923;5923;;5923;5923;5923;5923;;;5923;;;;5923;5923;5923;;5923;5923;5923;5923;;;;;;5923;
6190;6190;;6190;6190;6190;6190;;;6190;;;;6190;6190;6190;;6190;6190;6190;6190;;;;;;6190;
5928;5928;;5928;5928;5928;5928;;;5928;;;;5928;5928;5928;;5928;5928;5928;5928;;;;;;5928;
6191;6191;;6191;6191;6191;6191;;;6191;;;;6191;6191;6191;;6191;6191;6191;6191;;;;;;6191;
6852;6852;;6852;6852;6852;6852;;;6852;;;;6852;6852;6852;;6852;6852;6852;6852;;;;;;6852;
5919;5919;;5919;5919;5919;5919;;;5919;;;;5919;5919;5919;;5919;5919;5919;5919;;;;;;5919;
6183;6183;;6183;6183;6183;6183;;;6183;;;;6183;6183;6183;;6183;6183;6183;6183;;;;;;6183;
6179;6179;;6179;6179;6179;6179;;;6179;;;;6179;6179;6179;;6179;6179;6179;6179;;;;;;6179;
6853;6853;;6853;6853;6853;6853;;;6853;;;;6853;6853;6853;;6853;6853;6853;6853;;;;;;6853;
6182;6182;;6182;6182;6182;6182;;;6182;;;;6182;6182;6182;;6182;6182;6182;6182;;;;;;6182;
5925;5925;;5925;5925;5925;5925;;;5925;;;;5925;5925;5925;;5925;5925;5925;5925;;;;;;5925;
5924;5924;;5924;5924;5924;5924;;;5924;;;;5924;5924;5924;;5924;5924;5924;5924;;;;;;5924;
7411;7411;;7411;7411;7411;7411;7411;;7411;;;;7411;7411;7411;7411;7411;7411;7411;7411;;;;;7411;7411;
4532;4532;;4532;4532;4532;4532;4532;;4532;;;;4532;4532;4532;4532;4532;4532;4532;4532;;;;;4532;4532;
7403;7403;;7403;7403;7403;7403;7403;;7403;;;;7403;7403;7403;7403;7403;7403;7403;7403;;;;;7403;7403;
4534;4534;;4534;4534;4534;4534;4534;;4534;;;;4534;4534;4534;4534;4534;4534;4534;4534;;;;;4534;4534;
7404;7404;;7404;7404;7404;7404;7404;;7404;;;;7404;7404;7404;7404;7404;7404;7404;7404;;;;;7404;7404;
6127;6127;;6127;6127;6127;6127;6127;;6127;;;;6127;6127;6127;6127;6127;6127;6127;6127;;;;;6127;6127;
2398;2398;2398;2398;2398;2398;2398;2398;;2398;;;;2398;2398;2398;2398;2398;2398;2398;2398;;;;;2398;2398;
6645;6645;;6645;6645;6645;6645;6645;;6645;;;;6645;6645;6645;6645;6645;6645;6645;6645;;;;;6645;6645;
2862;2862;;2862;2862;2862;2862;2862;;2862;;;;2862;2862;2862;2862;2862;2862;2862;2862;;;;;2862;2862;
4536;4536;;4536;4536;4536;4536;4536;;4536;;;;4536;4536;4536;4536;4536;4536;4536;4536;;;;;4536;4536;
4535;4535;;4535;4535;4535;4535;4535;;4535;;;;4535;4535;4535;4535;4535;4535;4535;4535;;;;;4535;4535;
7408;7408;;7408;7408;7408;7408;7408;;7408;;;;7408;7408;7408;7408;7408;7408;7408;7408;;;;;7408;7408;
6642;6642;;6642;6642;6642;6642;6642;;6642;;;;6642;6642;6642;6642;6642;6642;6642;6642;;;;;6642;6642;
7462;7462;;7462;7462;7462;7462;7462;;7462;;;;7462;7462;7462;7462;7462;7462;7462;7462;;;;;7462;7462;
6644;6644;;6644;6644;6644;6644;6644;;6644;;;;6644;6644;6644;6644;6644;6644;6644;6644;;;;;6644;6644;
2400;2400;2400;2400;2400;2400;2400;2400;;2400;;;;2400;2400;2400;2400;2400;2400;2400;2400;;;;;2400;2400;
7409;7409;;7409;7409;7409;7409;7409;;7409;;;;7409;7409;7409;7409;7409;7409;7409;7409;;;;;7409;7409;
6128;6128;;6128;6128;6128;6128;6128;;6128;;;;6128;6128;6128;6128;6128;6128;6128;6128;;;;;6128;6128;
6643;6643;;6643;6643;6643;6643;6643;;6643;;;;6643;6643;6643;6643;6643;6643;6643;6643;;;;;6643;6643;
4533;4533;;4533;4533;4533;4533;4533;;4533;;;;4533;4533;4533;4533;4533;4533;4533;4533;;;;;4533;4533;
7412;7412;;7412;7412;7412;7412;7412;;7412;;;;7412;7412;7412;7412;7412;7412;7412;7412;;;;;7412;7412;
7410;7410;7410;7410;7410;7410;7410;7410;;7410;;;;7410;7410;7410;7410;7410;7410;7410;7410;;;;;7410;7410;
6126;6126;6126;6126;6126;6126;6126;6126;;6126;;;;6126;6126;6126;6126;6126;6126;6126;6126;;;;;6126;6126;
6129;6129;6129;6129;6129;6129;6129;6129;;;;;;;6129;6129;6129;6129;6129;6129;6129;;;;;6129;6129;
6135;6135;6135;6135;6135;6135;6135;6135;;;;;;;6135;6135;6135;6135;6135;6135;6135;;;;;6135;6135;
6131;6131;6131;6131;6131;6131;6131;6131;;;;;;;6131;6131;6131;6131;6131;6131;6131;;;;;6131;6131;
6134;6134;6134;6134;6134;6134;6134;6134;;;;;;;6134;6134;6134;6134;6134;6134;6134;;;;;6134;6134;
6133;6133;6133;6133;6133;6133;6133;6133;;;;;;;6133;6133;6133;6133;6133;6133;6133;;;;;6133;6133;
6130;6130;6130;6130;6130;6130;6130;6130;;;;;;;6130;6130;6130;6130;6130;6130;6130;;;;;6130;6130;
2867;2867;2867;2867;2867;2867;2867;2867;;;;;;;2867;2867;2867;2867;2867;2867;2867;;;;;2867;2867;
3642;3642;3642;3642;3642;3642;3642;3642;;;;;;;3642;3642;3642;3642;3642;3642;3642;;;;;3642;3642;
3638;3638;3638;3638;3638;3638;3638;3638;;;;;;;3638;3638;3638;3638;3638;3638;3638;;;;;3638;3638;
3639;3639;3639;3639;3639;3639;3639;3639;;;;;;;3639;3639;3639;3639;3639;3639;3639;;;;;3639;3639;
3640;3640;3640;3640;3640;3640;3640;3640;;;;;;;3640;3640;3640;3640;3640;3640;3640;;;;;3640;3640;
2403;2403;2403;2403;2403;2403;2403;2403;;;;;;;2403;2403;2403;2403;2403;2403;2403;;;;;2403;2403;
4627;4627;4627;4627;4627;4627;4627;4627;;;;;;;4627;4627;4627;4627;4627;4627;4627;;;;;4627;4627;
6304;6304;6304;6304;6304;6304;6304;6304;;;;;;;6304;6304;6304;6304;6304;6304;6304;;;;;6304;6304;
6303;6303;6303;6303;6303;6303;6303;6303;;;;;;;6303;6303;6303;6303;6303;6303;6303;;;;;6303;6303;
6302;6302;6302;6302;6302;6302;6302;6302;;;;;;;6302;6302;6302;6302;6302;6302;6302;;;;;6302;6302;
6301;6301;6301;6301;6301;6301;6301;6301;;;;;;;6301;6301;6301;6301;6301;6301;6301;;;;;6301;6301;
2397;2397;2397;2397;2397;2397;2397;2397;;2397;;;;2397;2397;2397;2397;2397;2397;2397;2397;;;;;2397;2397;
5935;5935;5935;5935;5935;5935;5935;5935;;;;;;;5935;5935;5935;5935;5935;5935;5935;;;;;5935;5935;
3678;3678;3678;3678;3678;3678;3678;3678;;;;;;;3678;3678;3678;3678;3678;3678;3678;;;;;3678;3678;
2863;2863;2863;2863;2863;2863;2863;2863;;;;;;;2863;2863;2863;2863;2863;2863;2863;;;;;2863;2863;
3675;3675;3675;3675;3675;3675;3675;3675;;;;;;;3675;3675;3675;3675;3675;3675;3675;;;;;3675;3675;
3645;3645;3645;3645;3645;3645;3645;3645;;;;;;;3645;3645;3645;3645;3645;3645;3645;;;;;3645;3645;
3657;3657;3657;3657;3657;3657;3657;3657;;;;;;;3657;3657;3657;3657;3657;3657;3657;;;;;3657;3657;
3658;3658;3658;3658;3658;3658;3658;3658;;;;;;;3658;3658;3658;3658;3658;3658;3658;;;;;3658;3658;
3671;3671;3671;3671;3671;3671;3671;3671;;;;;;;3671;3671;3671;3671;3671;3671;3671;;;;;3671;3671;
3772;3772;3772;3772;3772;3772;3772;3772;;;;;;;3772;3772;3772;3772;3772;3772;3772;;;;;3772;3772;
3679;3679;3679;3679;3679;3679;3679;3679;;3679;;;;3679;3679;3679;3679;3679;3679;3679;3679;;;;;3679;3679;
3682;3682;3682;3682;3682;3682;3682;3682;;3682;;;;3682;3682;3682;3682;3682;3682;3682;3682;;;;;3682;3682;
2866;2866;2866;2866;2866;2866;2866;2866;;2866;;;;2866;2866;2866;2866;2866;2866;2866;2866;;;;;2866;2866;
2865;2865;2865;2865;2865;2865;2865;2865;;2865;;;;2865;2865;2865;2865;2865;2865;2865;2865;;;;;2865;2865;
6307;6307;;6307;6307;6307;6307;6307;;6307;;;;6307;6307;6307;6307;6307;6307;6307;6307;;;;;6307;6307;
6306;6306;;6306;6306;6306;6306;6306;;6306;;;;6306;6306;6306;6306;6306;6306;6306;6306;;;;;6306;6306;
6634;6634;;6634;6634;6634;6634;6634;;6634;;;;6634;6634;6634;6634;6634;6634;6634;6634;;;;;6634;6634;
7458;7458;;7458;7458;7458;7458;7458;;7458;;;;7458;7458;7458;7458;7458;7458;7458;7458;;;;;7458;7458;
4529;4529;;4529;4529;4529;4529;4529;;4529;;;;4529;4529;4529;4529;4529;4529;4529;4529;;;;;4529;4529;
2859;2859;;2859;2859;2859;2859;2859;;2859;;;;2859;2859;2859;2859;2859;2859;2859;2859;;;;;2859;2859;
7460;7460;;7460;7460;7460;7460;7460;;7460;;;;7460;7460;7460;7460;7460;7460;7460;7460;;;;;7460;7460;
6636;6636;;6636;6636;6636;6636;6636;;6636;;;;6636;6636;6636;6636;6636;6636;6636;6636;;;;;6636;6636;
4530;4530;;4530;4530;4530;4530;4530;;4530;;;;4530;4530;4530;4530;4530;4530;4530;4530;;;;;4530;4530;
6308;6308;;6308;6308;6308;6308;6308;;6308;;;;6308;6308;6308;6308;6308;6308;6308;6308;;;;;6308;6308;
5936;5936;;5936;5936;5936;5936;5936;;5936;;;;5936;5936;5936;5936;5936;5936;5936;5936;;;;;5936;5936;
7405;7405;;7405;7405;7405;7405;7405;;7405;;;;7405;7405;7405;7405;7405;7405;7405;7405;;;;;7405;7405;
7461;7461;;7461;7461;7461;7461;7461;;7461;;;;7461;7461;7461;7461;7461;7461;7461;7461;;;;;7461;7461;
2861;2861;;2861;2861;2861;2861;2861;;2861;;;;2861;2861;2861;2861;2861;2861;2861;2861;;;;;2861;2861;
6305;6305;;6305;6305;6305;6305;6305;;6305;;;;6305;6305;6305;6305;6305;6305;6305;6305;;;;;6305;6305;
4628;4628;;4628;4628;4628;4628;4628;;4628;;;;4628;4628;4628;4628;4628;4628;4628;4628;;;;;4628;4628;
6637;6637;;6637;6637;6637;6637;6637;;6637;;;;6637;6637;6637;6637;6637;6637;6637;6637;;;;;6637;6637;
7457;7457;;7457;7457;7457;7457;7457;;7457;;;;7457;7457;7457;7457;7457;7457;7457;7457;;;;;7457;7457;
3697;3697;;3697;3697;3697;3697;3697;;3697;;;;3697;3697;3697;3697;3697;3697;3697;3697;;;;;3697;3697;
7407;7407;;7407;7407;7407;7407;7407;;7407;;;;7407;7407;7407;7407;7407;7407;7407;7407;;;;;7407;7407;
4531;4531;;4531;4531;4531;4531;4531;;4531;;;;4531;4531;4531;4531;4531;4531;4531;4531;;;;;4531;4531;
4528;4528;;4528;4528;4528;4528;4528;;4528;;;;4528;4528;4528;4528;4528;4528;4528;4528;;;;;4528;4528;
7406;7406;;7406;7406;7406;7406;7406;;7406;;;;7406;7406;7406;7406;7406;7406;7406;7406;;;;;7406;7406;
6635;6635;;6635;6635;6635;6635;6635;;6635;;;;6635;6635;6635;6635;6635;6635;6635;6635;;;;;6635;6635;
4527;4527;4527;4527;4527;4527;4527;4527;;4527;;;;4527;4527;4527;4527;4527;4527;4527;4527;;;;;4527;4527;
6638;6638;6638;6638;6638;6638;6638;6638;;6638;;;;6638;6638;6638;6638;6638;6638;6638;6638;;;;;6638;6638;
3283;3283;;3283;3283;3283;3283;3283;;3283;;;;3283;3283;3283;3283;3283;3283;3283;3283;;;;;3283;3283;
7402;7402;;7402;7402;7402;7402;7402;;7402;;;;7402;7402;7402;7402;7402;7402;7402;7402;;;;;7402;7402;
3285;3285;;3285;3285;3285;3285;3285;;3285;;;;3285;3285;3285;3285;3285;3285;3285;3285;;;;;3285;3285;
6641;6641;;6641;6641;6641;6641;6641;;6641;;;;6641;6641;6641;6641;6641;6641;6641;6641;;;;;6641;6641;
3286;3286;;3286;3286;3286;3286;3286;;3286;;;;3286;3286;3286;3286;3286;3286;3286;3286;;;;;3286;3286;
7401;7401;;7401;7401;7401;7401;7401;;7401;;;;7401;7401;7401;7401;7401;7401;7401;7401;;;;;7401;7401;
3299;3299;3299;3299;3299;3299;3299;3299;;3299;;;;3299;3299;3299;3299;3299;3299;3299;3299;;;;;3299;3299;
3289;3289;;3289;3289;3289;3289;3289;;3289;;;;3289;3289;3289;3289;3289;3289;3289;3289;;;;;3289;3289;
7463;7463;;7463;7463;7463;7463;7463;;7463;;;;7463;7463;7463;7463;7463;7463;7463;7463;;;;;7463;7463;
6639;6639;;6639;6639;6639;6639;6639;;6639;;;;6639;6639;6639;6639;6639;6639;6639;6639;;;;;6639;6639;
3287;3287;;3287;3287;3287;3287;3287;;3287;;;;3287;3287;3287;3287;3287;3287;3287;3287;;;;;3287;3287;
7456;7456;7456;7456;7456;7456;7456;7456;;7456;;;;7456;7456;7456;7456;7456;7456;7456;7456;;;;;7456;7456;
6640;6640;6640;6640;6640;6640;6640;6640;;6640;;;;6640;6640;6640;6640;6640;6640;6640;6640;;;;;6640;6640;
4724;;;;4724;4724;4724;4724;;4724;;;;4724;4724;4724;4724;;;4724;4724;;4724;;;4724;4724;
5759;;;;5759;5759;5759;5759;;5759;;;;5759;5759;5759;5759;;;5759;5759;;5759;;;5759;5759;
4726;;;;4726;4726;4726;4726;;4726;;;;4726;4726;4726;4726;;;4726;4726;;4726;;;4726;4726;
4859;;4859;;4859;4859;4859;4859;;;;;;;4859;4859;4859;;;4859;4859;;4859;;;4859;4859;
2907;;2907;;2907;2907;2907;2907;;;;;;;2907;2907;2907;;;2907;2907;;2907;;;2907;2907;
7145;;7145;;7145;7145;7145;7145;;;;;;;7145;7145;7145;;;7145;7145;;7145;;;7145;7145;
4122;;4122;;4122;4122;4122;4122;;;;;;;4122;4122;4122;;;4122;4122;;4122;;;4122;4122;
5461;;5461;;5461;5461;5461;5461;;;;;;;5461;5461;5461;;;5461;5461;;5461;;;5461;5461;
6122;;;;6122;6122;6122;6122;;6122;;;;6122;6122;6122;6122;;;6122;6122;;6122;;;6122;6122;
4728;;;;4728;4728;4728;4728;;4728;;;;4728;4728;4728;4728;;;4728;4728;;4728;;;4728;4728;
6124;;;;6124;6124;6124;6124;;6124;;;;6124;6124;6124;6124;;;6124;6124;;6124;;;6124;6124;
5760;;;;5760;5760;5760;5760;;5760;;;;5760;5760;5760;5760;;;5760;5760;;5760;;;5760;5760;
6390;;;;6390;6390;6390;6390;;6390;;;;6390;6390;6390;6390;;;6390;6390;;6390;;;6390;6390;
4121;;4121;;4121;4121;4121;4121;;4121;;;;4121;4121;4121;4121;;;4121;4121;;4121;;;4121;4121;
6123;;;;6123;6123;6123;6123;;6123;;;;6123;6123;6123;6123;;;6123;6123;;6123;;;6123;6123;
4617;;;;4617;4617;4617;4617;;4617;;;;4617;4617;4617;4617;;;4617;4617;;4617;;;4617;4617;
4616;;4616;;4616;4616;4616;4616;;4616;;;;4616;4616;4616;4616;;;4616;4616;;4616;;;4616;4616;
4156;;;;4156;4156;4156;4156;;4156;;;;4156;4156;4156;4156;;;4156;4156;;4156;;;4156;4156;
5401;;;;5401;5401;5401;5401;;5401;;;;5401;5401;5401;5401;;;5401;5401;;5401;;;5401;5401;
4157;;;;4157;4157;4157;4157;;4157;;;;4157;4157;4157;4157;;;4157;4157;;4157;;;4157;4157;
4723;;4723;;4723;4723;4723;4723;;;;;;;4723;4723;4723;;;4723;4723;;4723;;;4723;4723;
4614;;;;4614;4614;4614;4614;;4614;;;;4614;4614;4614;4614;;;4614;4614;;4614;;;4614;4614;
4613;;;;4613;4613;4613;4613;;4613;;;;4613;4613;4613;4613;;;4613;4613;;4613;;;4613;4613;
5761;;;;5761;5761;5761;5761;;5761;;;;5761;5761;5761;5761;;;5761;5761;;5761;;;5761;5761;
4474;;;;4474;4474;4474;4474;;4474;;;;4474;4474;4474;4474;;;4474;4474;;4474;;;4474;4474;
4615;;;;4615;4615;4615;4615;;4615;;;;4615;4615;4615;4615;;;4615;4615;;4615;;;4615;4615;
4170;;4170;;4170;4170;4170;4170;;4170;;;;4170;4170;4170;4170;;;4170;4170;;4170;;;4170;4170;
4292;;;;4292;4292;4292;4292;;4292;;;;4292;4292;4292;4292;;;4292;4292;;4292;;;4292;4292;
6392;;;;6392;6392;6392;6392;;6392;;;;6392;6392;6392;6392;;;6392;6392;;6392;;;6392;6392;
4856;;;;4856;4856;4856;4856;;4856;;;;4856;4856;4856;4856;;;4856;4856;;4856;;;4856;4856;
4414;;;;4414;4414;4414;4414;;4414;;;;4414;4414;4414;4414;;;4414;4414;;4414;;;4414;4414;
6391;;;;6391;6391;6391;6391;;6391;;;;6391;6391;6391;6391;;;6391;6391;;6391;;;6391;6391;
4416;;;;4416;4416;4416;4416;;4416;;;;4416;4416;4416;4416;;;4416;4416;;4416;;;4416;4416;
4855;;;;4855;4855;4855;4855;;4855;;;;4855;4855;4855;4855;;;4855;4855;;4855;;;4855;4855;
4415;;;;4415;4415;4415;4415;;4415;;;;4415;4415;4415;4415;;;4415;4415;;4415;;;4415;4415;
4767;;4767;;4767;4767;4767;4767;;4767;;;;4767;4767;4767;4767;;;4767;4767;;4767;;;4767;4767;
8136;;;;8136;8136;8136;8136;;8136;;;;8136;8136;8136;8136;;;8136;8136;;8136;;;8136;8136;
8400;;;;8400;8400;8400;8400;;8400;;;;8400;8400;8400;8400;;;8400;8400;;8400;;;8400;8400;
8137;;;;8137;8137;8137;8137;;8137;;;;8137;8137;8137;8137;;;8137;8137;;8137;;;8137;8137;
8138;;;;8138;8138;8138;8138;;8138;;;;8138;8138;8138;8138;;;8138;8138;;8138;;;8138;8138;
8139;;;;8139;8139;8139;8139;;8139;;;;8139;8139;8139;8139;;;8139;8139;;8139;;;8139;8139;
8140;;;;8140;8140;8140;8140;;8140;;;;8140;8140;8140;8140;;;8140;8140;;8140;;;8140;8140;
8519;;;;8519;8519;8519;8519;;8519;;;;8519;8519;8519;8519;;;8519;8519;;8519;;;8519;8519;
8141;;;;8141;8141;8141;8141;;8141;;;;8141;8141;8141;8141;;;8141;8141;;8141;;;8141;8141;
8142;;8142;;8142;8142;8142;8142;;8142;;;;8142;8142;8142;8142;;;8142;8142;;8142;;;8142;8142;
4059;;;;4059;4059;4059;4059;;4059;;;;4059;4059;4059;4059;;;4059;4059;;;;;4059;4059;
4056;;;;4056;4056;4056;4056;;4056;;;;4056;4056;4056;4056;;;4056;4056;;;;;4056;4056;
4062;;;;4062;4062;4062;4062;;4062;;;;4062;4062;4062;4062;;;4062;4062;;;;;4062;4062;
4067;;;;4067;4067;4067;4067;;4067;;;;4067;4067;4067;4067;;;4067;4067;;;;;4067;4067;
2417;2417;;2417;2417;2417;2417;2417;;2417;;;;2417;2417;2417;2417;2417;2417;2417;2417;;2417;;;2417;2417;
6721;6721;;6721;6721;6721;6721;6721;;6721;;;;6721;6721;6721;6721;6721;6721;6721;6721;;6721;;;6721;6721;
6722;6722;;6722;6722;6722;6722;6722;;6722;;;;6722;6722;6722;6722;6722;6722;6722;6722;;6722;;;6722;6722;
6724;6724;;6724;6724;6724;6724;6724;;6724;;;;6724;6724;6724;6724;6724;6724;6724;6724;;6724;;;6724;6724;
6727;6727;;6727;6727;6727;6727;6727;;6727;;;;6727;6727;6727;6727;6727;6727;6727;6727;;6727;;;6727;6727;
6725;6725;;6725;6725;6725;6725;6725;;6725;;;;6725;6725;6725;6725;6725;6725;6725;6725;;6725;;;6725;6725;
6720;6720;;6720;6720;6720;6720;6720;;6720;;;;6720;6720;6720;6720;6720;6720;6720;6720;;6720;;;6720;6720;
6719;6719;6719;6719;6719;6719;6719;6719;;6719;;;;6719;6719;6719;6719;6719;6719;6719;6719;;6719;;;6719;6719;
6738;6738;;6738;6738;6738;6738;6738;;6738;;;;6738;6738;6738;6738;6738;6738;6738;6738;;6738;;;6738;6738;
6739;6739;;6739;6739;6739;6739;6739;;6739;;;;6739;6739;6739;6739;6739;6739;6739;6739;;6739;;;6739;6739;
6743;6743;;6743;6743;6743;6743;6743;;6743;;;;6743;6743;6743;6743;6743;6743;6743;6743;;6743;;;6743;6743;
6745;6745;;6745;6745;6745;6745;6745;;6745;;;;6745;6745;6745;6745;6745;6745;6745;6745;;6745;;;6745;6745;
6744;6744;;6744;6744;6744;6744;6744;;6744;;;;6744;6744;6744;6744;6744;6744;6744;6744;;6744;;;6744;6744;
6731;6731;;6731;6731;6731;6731;6731;;6731;;;;6731;6731;6731;6731;6731;6731;6731;6731;;6731;;;6731;6731;
6729;6729;6729;6729;6729;6729;6729;6729;;6729;;;;6729;6729;6729;6729;6729;6729;6729;6729;;6729;;;6729;6729;
4222;4222;;4222;4222;4222;4222;4222;;4222;;;;4222;4222;4222;4222;4222;4222;4222;4222;;;;;4222;4222;4222
2875;2875;;2875;2875;2875;2875;2875;;2875;;;;2875;2875;2875;2875;2875;2875;2875;2875;;;;;2875;2875;2875
4221;4221;;4221;4221;4221;4221;4221;;4221;;;;4221;4221;4221;4221;4221;4221;4221;4221;;;;;4221;4221;4221
2872;2872;;2872;2872;2872;2872;2872;;2872;;;;2872;2872;2872;2872;2872;2872;2872;2872;;;;;2872;2872;2872
4220;4220;;4220;4220;4220;4220;4220;;4220;;;;4220;4220;4220;4220;4220;4220;4220;4220;;;;;4220;4220;4220
2873;2873;;2873;2873;2873;2873;2873;;2873;;;;2873;2873;2873;2873;2873;2873;2873;2873;;;;;2873;2873;2873
6172;6172;;6172;6172;6172;6172;6172;;6172;;;;6172;6172;6172;6172;6172;6172;6172;6172;;;;;6172;6172;6172
4223;4223;;4223;4223;4223;4223;4223;;4223;;;;4223;4223;4223;4223;4223;4223;4223;4223;;;;;4223;4223;4223
6856;6856;;6856;6856;6856;6856;6856;;6856;;;;6856;6856;6856;6856;6856;6856;6856;6856;;;;;6856;6856;6856
2380;2380;;2380;2380;2380;2380;2380;;2380;;;;2380;2380;2380;2380;2380;2380;2380;2380;;;;;2380;2380;2380
6855;6855;;6855;6855;6855;6855;6855;;6855;;;;6855;6855;6855;6855;6855;6855;6855;6855;;;;;6855;6855;6855
4224;4224;;4224;4224;4224;4224;4224;;4224;;;;4224;4224;4224;4224;4224;4224;4224;4224;;;;;4224;4224;4224
2383;2383;;2383;2383;2383;2383;2383;;2383;;;;2383;2383;2383;2383;2383;2383;2383;2383;;;;;2383;2383;2383
6854;6854;6854;6854;6854;6854;6854;6854;;6854;;;;6854;6854;6854;6854;6854;6854;6854;6854;;;;;6854;6854;6854
2874;2874;2874;2874;2874;2874;2874;2874;;2874;;;;2874;2874;2874;2874;2874;2874;2874;2874;;;;;2874;2874;2874
6168;;;;6168;6168;6168;6168;6168;6168;;;;6168;6168;6168;6168;;;6168;6168;;6168;;6168;6168;6168;
4835;;;;4835;4835;4835;4835;4835;4835;;;;4835;4835;4835;4835;;;4835;4835;;4835;;4835;4835;4835;
4836;;;;4836;4836;4836;4836;4836;4836;;;;4836;4836;4836;4836;;;4836;4836;;4836;;4836;4836;4836;
2910;;2910;;2910;2910;2910;2910;2910;;;;;;2910;2910;2910;;;2910;2910;;2910;;2910;2910;2910;
6170;;6170;;6170;6170;6170;6170;6170;;;;;;6170;6170;6170;;;6170;6170;;6170;;6170;6170;6170;
6169;;6169;;6169;6169;6169;6169;6169;;;;;;6169;6169;6169;;;6169;6169;;6169;;6169;6169;6169;
7265;;7265;;7265;7265;7265;7265;7265;;;;;;7265;7265;7265;;;7265;7265;;7265;;7265;7265;7265;
7267;;7267;;7267;7267;7267;7267;7267;;;;;;7267;7267;7267;;;7267;7267;;7267;;7267;7267;7267;
7268;;7268;;7268;7268;7268;7268;7268;;;;;;7268;7268;7268;;;7268;7268;;7268;;7268;7268;7268;
7264;;7264;;7264;7264;7264;7264;7264;;;;;;7264;7264;7264;;;7264;7264;;7264;;7264;7264;7264;
4123;;4123;;4123;4123;4123;4123;4123;;;;;;4123;4123;4123;;;4123;4123;;4123;;4123;4123;4123;
5985;;;;5985;5985;5985;5985;5985;5985;;;;5985;5985;5985;5985;;;5985;5985;;5985;;5985;5985;5985;
5933;;;;5933;5933;5933;5933;5933;5933;;;;5933;5933;5933;5933;;;5933;5933;;5933;;5933;5933;5933;
6384;;;;6384;6384;6384;6384;6384;6384;;;;6384;6384;6384;6384;;;6384;6384;;6384;;6384;6384;6384;
4113;;4113;;4113;4113;4113;4113;4113;4113;;;;4113;4113;4113;4113;;;4113;4113;;4113;;4113;4113;4113;
5932;;;;5932;5932;5932;5932;5932;5932;;;;5932;5932;5932;5932;;;5932;5932;;5932;;5932;5932;5932;
4834;;;;4834;4834;4834;4834;4834;4834;;;;4834;4834;4834;4834;;;4834;4834;;4834;;4834;4834;4834;
4833;;4833;;4833;4833;4833;4833;4833;4833;;;;4833;4833;4833;4833;;;4833;4833;;4833;;4833;4833;4833;
6385;;;;6385;6385;6385;6385;6385;6385;;;6385;6385;6385;6385;6385;;;6385;6385;;6385;;6385;6385;6385;
6386;;;;6386;6386;6386;6386;6386;6386;;;6386;6386;6386;6386;6386;;;6386;6386;;6386;;6386;6386;6386;
6387;;;;6387;6387;6387;6387;6387;6387;;;6387;6387;6387;6387;6387;;;6387;6387;;6387;;6387;6387;6387;
6389;;;;6389;6389;6389;6389;6389;6389;;;6389;6389;6389;6389;6389;;;6389;6389;;6389;;6389;6389;6389;
5403;;;;5403;5403;5403;5403;5403;5403;;;5403;5403;5403;5403;5403;;;5403;5403;;5403;;5403;5403;5403;
5402;;;;5402;5402;5402;5402;5402;5402;;;5402;5402;5402;5402;5402;;;5402;5402;;5402;;5402;5402;5402;
6388;;;;6388;6388;6388;6388;6388;6388;;;6388;6388;6388;6388;6388;;;6388;6388;;6388;;6388;6388;6388;
4837;;4837;;4837;4837;4837;4837;4837;4837;;;4837;4837;4837;4837;4837;;;4837;4837;;4837;;4837;4837;4837;
4116;;4116;;4116;4116;4116;4116;4116;4116;;;4116;4116;4116;4116;4116;;;4116;4116;;4116;;4116;4116;4116;
4115;;4115;;4115;4115;4115;4115;4115;4115;;;4115;4115;4115;4115;4115;;;4115;4115;;4115;;4115;4115;4115;
5934;;5934;;5934;5934;5934;5934;5934;5934;;;5934;5934;5934;5934;5934;;;5934;5934;;5934;;5934;5934;5934;
4117;;4117;;4117;4117;4117;4117;4117;4117;;;4117;4117;4117;4117;4117;;;4117;4117;;4117;;4117;4117;4117;
4114;;4114;;4114;4114;4114;4114;4114;4114;;;4114;4114;4114;4114;4114;;;4114;4114;;4114;;4114;4114;4114;
6174;6174;;6174;6174;6174;6174;6174;;6174;;;;6174;6174;6174;;6174;6174;6174;6174;;;;;;6174;
5962;5962;;5962;5962;5962;5962;5962;;5962;;;;5962;5962;5962;;5962;5962;5962;5962;;;;;;5962;
5963;5963;;5963;5963;5963;5963;5963;;5963;;;;5963;5963;5963;;5963;5963;5963;5963;;;;;;5963;
5957;5957;;5957;5957;5957;5957;5957;;5957;;;;5957;5957;5957;;5957;5957;5957;5957;;;;;;5957;
6175;6175;;6175;6175;6175;6175;6175;;6175;;;;6175;6175;6175;;6175;6175;6175;6175;;;;;;6175;
3879;3879;;3879;3879;3879;3879;3879;;3879;;;;3879;3879;3879;;3879;3879;3879;3879;;;;;;3879;
6176;6176;;6176;6176;6176;6176;6176;;6176;;;;6176;6176;6176;;6176;6176;6176;6176;;;;;;6176;
6747;6747;;6747;6747;6747;6747;6747;;6747;;;;6747;6747;6747;;6747;6747;6747;6747;;;;;;6747;
5961;5961;;5961;5961;5961;5961;5961;;5961;;;;5961;5961;5961;;5961;5961;5961;5961;;;;;;5961;
5959;5959;;5959;5959;5959;5959;5959;;5959;;;;5959;5959;5959;;5959;5959;5959;5959;;;;;;5959;
2565;2565;;2565;2565;2565;2565;2565;;2565;;;;2565;2565;2565;;2565;2565;2565;2565;;;;;;2565;
2903;2903;;2903;2903;2903;2903;2903;;2903;;;;2903;2903;2903;;2903;2903;2903;2903;;;;;;2903;
4630;4630;;4630;4630;4630;4630;4630;;4630;;;;4630;4630;4630;;4630;4630;4630;4630;;;;;;4630;
2904;2904;;2904;2904;2904;2904;2904;;2904;;;;2904;2904;2904;;2904;2904;2904;2904;;;;;;2904;
4629;4629;;4629;4629;4629;4629;4629;;4629;;;;4629;4629;4629;;4629;4629;4629;4629;;;;;;4629;
2396;2396;;2396;2396;2396;2396;2396;;2396;;;;2396;2396;2396;;2396;2396;2396;2396;;;;;;2396;
2905;2905;;2905;2905;2905;2905;2905;;2905;;;;2905;2905;2905;;2905;2905;2905;2905;;;;;;2905;
2906;2906;;2906;2906;2906;2906;2906;;2906;;;;2906;2906;2906;;2906;2906;2906;2906;;;;;;2906;
4631;4631;;4631;4631;4631;4631;4631;;4631;;;;4631;4631;4631;;4631;4631;4631;4631;;;;;;4631;
2376;2376;;2376;2376;2376;2376;2376;;2376;;;;2376;2376;2376;;2376;2376;2376;2376;;;;;;2376;
2908;;2908;;2908;2908;2908;2908;;2908;;;;2908;2908;2908;2908;;;2908;2908;;;;;2908;2908;
6596;;;;6596;6596;6596;6596;;6596;;;;6596;6596;6596;6596;;;6596;6596;;6596;6596;6596;6596;6596;
6598;;;;6598;6598;6598;6598;;6598;;;;6598;6598;6598;6598;;;6598;6598;;6598;6598;6598;6598;6598;
8753;;;;8753;8753;8753;8753;;8753;;;;8753;8753;8753;8753;;;8753;8753;;8753;8753;8753;8753;8753;
8754;;;;8754;8754;8754;8754;;8754;;;;8754;8754;8754;8754;;;8754;8754;;8754;8754;8754;8754;8754;
6595;;;;6595;6595;6595;6595;;6595;;;;6595;6595;6595;6595;;;6595;6595;;6595;6595;6595;6595;6595;
6594;;;;6594;6594;6594;6594;;6594;;;;6594;6594;6594;6594;;;6594;6594;;6594;6594;6594;6594;6594;
8751;;;;8751;8751;8751;8751;;8751;;;;8751;8751;8751;8751;;;8751;8751;;8751;8751;8751;8751;8751;
8752;;;;8752;8752;8752;8752;;8752;;;;8752;8752;8752;8752;;;8752;8752;;8752;8752;8752;8752;8752;
8748;;;;8748;8748;8748;8748;;8748;;;;8748;8748;8748;8748;;;8748;8748;;8748;8748;8748;8748;8748;
8747;;;;8747;8747;8747;8747;;8747;;;;8747;8747;8747;8747;;;8747;8747;;8747;8747;8747;8747;8747;
2594;;;;2594;2594;2594;2594;;2594;;;;2594;2594;2594;2594;;;2594;2594;;2594;2594;2594;2594;2594;
7452;;;;7452;7452;7452;7452;;7452;;;;7452;;7452;7452;;;7452;7452;;7452;7452;7452;7452;7452;
6567;;;;6567;6567;6567;6567;;6567;;;;6567;;6567;6567;;;6567;6567;;;6567;6567;6567;6567;
8741;8741;;8741;8741;8741;8741;8741;;8741;;;;8741;8741;8741;8741;8741;8741;8741;8741;;8741;8741;8741;8741;8741;
6910;6910;;6910;6910;6910;6910;6910;;6910;;;;6910;6910;6910;6910;6910;6910;6910;6910;;6910;6910;6910;6910;6910;
2524;2524;;2524;2524;2524;2524;2524;;2524;;;;2524;2524;2524;2524;2524;2524;2524;2524;;2524;2524;2524;2524;2524;
6897;6897;;6897;6897;6897;6897;6897;;6897;;;;6897;6897;6897;6897;6897;6897;6897;6897;;6897;6897;6897;6897;6897;
9753;9753;;9753;9753;9753;9753;9753;;9753;;;;9753;9753;9753;9753;9753;9753;9753;9753;;9753;9753;9753;9753;9753;
6660;6660;;6660;6660;6660;6660;6660;;6660;;;;6660;6660;6660;6660;6660;6660;6660;6660;;6660;6660;6660;6660;6660;
4698;4698;4698;4698;4698;4698;4698;4698;;4698;;;;4698;4698;4698;4698;4698;4698;4698;4698;;4698;4698;4698;4698;4698;
6912;6912;;6912;6912;6912;6912;6912;;6912;;;;6912;6912;6912;6912;6912;6912;6912;6912;;6912;6912;6912;6912;6912;
6904;6904;;6904;6904;6904;6904;6904;;6904;;;;6904;6904;6904;6904;6904;6904;6904;6904;;6904;6904;6904;6904;6904;
6911;6911;;6911;6911;6911;6911;6911;;6911;;;;6911;6911;6911;6911;6911;6911;6911;6911;;6911;6911;6911;6911;6911;
4124;4124;4124;4124;4124;4124;4124;4124;;4124;;;;4124;4124;4124;4124;4124;4124;4124;4124;;4124;4124;4124;4124;4124;
7450;7450;7450;7450;7450;7450;7450;7450;;7450;;;;7450;7450;7450;7450;7450;7450;7450;7450;;7450;7450;7450;7450;7450;
6900;6900;6900;6900;6900;6900;6900;6900;;6900;;;;6900;6900;6900;6900;6900;6900;6900;6900;;6900;6900;6900;6900;6900;
2384;2384;;2384;2384;2384;2384;2384;;2384;;;;2384;2384;2384;;2384;2384;2384;2384;;;;;;2384;
2952;2952;;2952;2952;2952;2952;2952;;2952;;;;2952;2952;2952;;2952;2952;2952;2952;;;;;;2952;
2954;2954;;2954;2954;2954;2954;2954;;2954;;;;2954;2954;2954;;2954;2954;2954;2954;;;;;;2954;
2955;2955;;2955;2955;2955;2955;2955;;2955;;;;2955;2955;2955;;2955;2955;2955;2955;;;;;;2955;
2387;2387;;2387;2387;2387;2387;2387;;2387;;;;2387;2387;2387;;2387;2387;2387;2387;;;;;;2387;
2385;2385;;2385;2385;2385;2385;2385;;2385;;;;2385;2385;2385;;2385;2385;2385;2385;;;;;;2385;
2953;2953;;2953;2953;2953;2953;2953;;2953;;;;2953;2953;2953;;2953;2953;2953;2953;;;;;;2953;
5953;5953;;5953;5953;5953;5953;5953;;5953;;;;5953;5953;5953;;5953;5953;5953;5953;;;;;;5953;
5956;5956;;5956;5956;5956;5956;5956;;5956;;;;5956;5956;5956;;5956;5956;5956;5956;;;;;;5956;
5955;5955;;5955;5955;5955;5955;5955;;5955;;;;5955;5955;5955;;5955;5955;5955;5955;;;;;;5955;
5954;5954;;5954;5954;5954;5954;5954;;5954;;;;5954;5954;5954;;5954;5954;5954;5954;;;;;;5954;
6240;6240;;6240;6240;6240;6240;6240;;6240;;;;6240;6240;6240;;6240;6240;6240;6240;;;;;;6240;
6223;6223;;6223;6223;6223;6223;6223;;6223;;;;6223;6223;6223;;6223;6223;6223;6223;;;;;;6223;
6228;6228;;6228;6228;6228;6228;6228;;6228;;;;6228;6228;6228;;6228;6228;6228;6228;;;;;;6228;
7156;;;;7156;7156;7156;7156;;;7156;7156;;;;7156;7156;;;;;7156;;;7156;7156;7156;
7234;;;;7234;7234;7234;7234;;;7234;7234;;;;7234;7234;;;;;7234;;;7234;7234;7234;
6710;;;;6710;6710;6710;6710;;;6710;6710;;;;6710;6710;;;;;6710;;6710;;6710;6710;
6714;;;;6714;6714;6714;6714;;;6714;6714;;;;6714;6714;;;;;6714;;6714;;6714;6714;
6715;;;;6715;6715;6715;6715;;;6715;6715;;;;6715;6715;;;;;6715;;6715;;6715;6715;
6708;;;;6708;6708;6708;6708;;;6708;6708;;;;6708;6708;;;;;6708;;6708;;6708;6708;
6713;;;;6713;6713;6713;6713;;;6713;6713;;;;6713;6713;;;;;6713;;6713;;6713;6713;
2415;;;;2415;2415;2415;2415;;;2415;2415;;;;2415;2415;;;;;2415;;2415;;2415;2415;
6569;;;;6569;6569;6569;6569;;;6569;6569;;;;6569;6569;;;;;6569;;6569;6569;6569;6569;
6568;;;;6568;6568;6568;6568;;;6568;6568;;;;6568;6568;;;;;6568;;6568;6568;6568;6568;
2456;;;;2456;2456;2456;2456;;;2456;2456;;;;2456;2456;;;;;2456;;2456;2456;2456;2456;
3632;;;;3632;3632;3632;3632;;;3632;3632;;;;3632;3632;;;;;3632;;3632;3632;3632;3632;
6570;;;;6570;6570;6570;6570;;;6570;6570;;;;6570;6570;;;;;6570;;6570;6570;6570;6570;
7240;;;;7240;7240;7240;7240;;;7240;7240;;;;7240;7240;;;;;7240;;7240;7240;7240;7240;
7069;;;;7069;7069;7069;7069;;;7069;7069;;;;7069;7069;;;;;7069;;7069;7069;7069;7069;
2453;;;;2453;2453;2453;2453;;;2453;2453;;;;2453;2453;;;;;2453;;2453;2453;2453;2453;
6571;;;;6571;6571;6571;6571;;;6571;6571;;;;6571;6571;;;;;6571;;6571;6571;6571;6571;
7068;;;;7068;7068;7068;7068;;;7068;7068;;;;7068;7068;;;;;7068;;7068;7068;7068;7068;
7236;;;;7236;7236;7236;7236;;;7236;7236;;;;7236;7236;;;;;7236;;;;7236;7236;
7237;;;;7237;7237;7237;7237;;;7237;7237;;;;7237;7237;;;;;7237;;;;7237;7237;
7235;;;;7235;7235;7235;7235;;;7235;7235;;;;7235;7235;;;;;7235;;;;7235;7235;
6703;;;;6703;6703;6703;6703;;;6703;6703;;;;6703;6703;;;;;6703;;;;6703;6703;
6705;;;;6705;6705;6705;6705;;;6705;6705;;;;6705;6705;;;;;6705;;;;6705;6705;
6699;;;;6699;6699;6699;6699;;;6699;6699;;;;6699;6699;;;;;6699;;;;6699;6699;
6707;;;;6707;6707;6707;6707;;;6707;6707;;;;6707;6707;;;;;6707;;;;6707;6707;
6704;;;;6704;6704;6704;6704;;;6704;6704;;;;6704;6704;;;;;6704;;;;6704;6704;
7241;;;;7241;7241;7241;7241;;;7241;7241;;;;7241;7241;;;;;7241;;;;7241;7241;
7242;;;;7242;7242;7242;7242;;;7242;7242;;;;7242;7242;;;;;7242;;;;7242;7242;
7150;;;;7150;7150;7150;7150;;;7150;7150;;;;7150;7150;;;;;7150;;;;7150;7150;
7155;;;;7155;7155;7155;7155;;;7155;7155;;;;7155;7155;;;;;7155;;;;7155;7155;
7148;;;;7148;7148;7148;7148;;;7148;7148;;;;7148;7148;;;;;7148;;;;7148;7148;
7238;;;;7238;7238;7238;7238;;;7238;7238;;;;7238;7238;;;;;7238;;;;7238;7238;
2925;;;;2925;2925;2925;2925;;;2925;2925;;;;2925;2925;;;;;2925;;2925;;2925;2925;
6574;;;;6574;6574;6574;6574;;;6574;6574;;;;6574;6574;;;;;6574;;6574;;6574;6574;
6576;;;;6576;6576;6576;6576;;;6576;6576;;;;6576;6576;;;;;6576;;6576;;6576;6576;
6573;;;;6573;6573;6573;6573;;;6573;6573;;;;6573;6573;;;;;6573;;6573;;6573;6573;
7149;;;;7149;7149;7149;7149;;;7149;7149;;;;7149;7149;;;;;7149;;7149;;7149;7149;
7239;;;;7239;7239;7239;7239;;;7239;7239;;;;7239;7239;;;;;7239;;7239;;7239;7239;
6572;;;;6572;6572;6572;6572;;;6572;6572;;;;6572;6572;;;;;6572;;6572;;6572;6572;
3808;;;;3808;3808;3808;3808;;;3808;3808;;;;3808;3808;;;;;3808;;3808;;3808;3808;
3807;;;;3807;3807;3807;3807;;;3807;3807;;;;3807;3807;;;;;3807;;3807;;3807;3807;
3806;;;;3806;3806;3806;3806;;;3806;3806;;;;3806;3806;;;;;3806;;3806;;3806;3806;
3810;;;;3810;3810;3810;3810;;;3810;3810;;;;3810;3810;;;;;3810;;3810;;3810;3810;
3812;;;;3812;3812;3812;3812;;;3812;3812;;;;3812;3812;;;;;3812;;3812;;3812;3812;
3811;;;;3811;3811;3811;3811;;;3811;3811;;;;3811;3811;;;;;3811;;3811;;3811;3811;
3809;;;;3809;3809;3809;3809;;;3809;3809;;;;3809;3809;;;;;3809;;3809;;3809;3809;
4235;;;;4235;4235;4235;4235;;;4235;4235;;;;4235;4235;;;;;4235;;;;4235;4235;
8412;;;;8412;8412;8412;8412;;;8412;8412;;;;8412;8412;;;;;8412;;;;8412;8412;
4161;;;;4161;4161;4161;4161;;;4161;4161;;;;4161;4161;;;;;4161;;;;4161;4161;
8413;;;;8413;8413;8413;8413;;;8413;8413;;;;8413;8413;;;;;8413;;;;8413;8413;
2923;;;;2923;2923;2923;2923;;;2923;2923;;;;2923;2923;;;;;2923;;;;2923;2923;
4162;;;;4162;4162;4162;4162;;;4162;4162;;;;4162;4162;;;;;4162;;;;4162;4162;
4159;;;;4159;4159;4159;4159;;;4159;4159;;;;4159;4159;;;;;4159;;;;4159;4159;
2922;;;;2922;2922;2922;2922;;;2922;2922;;;;2922;2922;;;;;2922;;;;2922;2922;
2909;;;;2909;2909;2909;2909;;;2909;2909;;;;2909;2909;;;;;2909;;;;2909;2909;
8411;;;;8411;8411;8411;8411;;;8411;8411;;;;8411;8411;;;;;8411;;;;8411;8411;
3195;;;;3195;3195;3195;3195;;;3195;3195;;;;3195;3195;;;;;3195;;;;3195;3195;
2924;;;;2924;2924;2924;2924;;;2924;2924;;;;2924;2924;;;;;2924;;;;2924;2924;
2914;;;;2914;2914;2914;2914;;;2914;2914;;;;2914;2914;;;;;2914;;;2914;2914;2914;
2911;;;;2911;2911;2911;2911;;;2911;2911;;;;2911;2911;;;;;2911;;;2911;2911;2911;
2917;;;;2917;2917;2917;2917;;;2917;2917;;;;2917;2917;;;;;2917;;;2917;2917;2917;
2916;;;;2916;2916;2916;2916;;;2916;2916;;;;2916;2916;;;;;2916;;;2916;2916;2916;
2915;;;;2915;2915;2915;2915;;;2915;2915;;;;2915;2915;;;;;2915;;;2915;2915;2915;
2918;;;;2918;2918;2918;2918;;;2918;2918;;;;2918;2918;;;;;2918;;;2918;2918;2918;
2920;;;;2920;2920;2920;2920;;;2920;2920;;;;2920;2920;;;;;2920;;;;2920;2920;
2919;;;;2919;2919;2919;2919;;;2919;2919;;;;2919;2919;;;;;2919;;;;2919;2919;
2921;;;;2921;2921;2921;2921;;;2921;2921;;;;2921;2921;;;;;2921;;;;2921;2921;
4069;;4069;;4069;4069;4069;4069;;;;;;;;4069;;;;;;4069;;;;;4069;
4068;;4068;;4068;4068;4068;4068;;;;;;;;4068;;;;;;4068;;;;;4068;
4071;;4071;;4071;4071;4071;4071;;;;;;;;4071;;;;;;4071;;;;;4071;
2828;2828;;2828;2828;2828;2828;2828;2828;2828;2828;2828;2828;2828;2828;2828;2828;2828;2828;2828;2828;2828;2828;2828;2828;2828;2828;2828
3769;3769;;3769;3769;3769;3769;3769;3769;3769;3769;3769;3769;3769;3769;3769;3769;3769;3769;3769;3769;3769;3769;3769;3769;3769;3769;3769
2827;2827;;2827;2827;2827;2827;2827;2827;2827;2827;2827;2827;2827;2827;2827;2827;2827;2827;2827;2827;2827;2827;2827;2827;2827;2827;2827
3765;3765;;3765;3765;3765;3765;3765;3765;3765;3765;3765;3765;3765;3765;3765;3765;3765;3765;3765;3765;3765;3765;3765;3765;3765;3765;3765
2825;2825;;2825;2825;2825;2825;2825;2825;2825;2825;2825;2825;2825;2825;2825;2825;2825;2825;2825;2825;2825;2825;2825;2825;2825;2825;2825
2425;2425;2425;2425;2425;2425;2425;2425;2425;2425;2425;2425;2425;2425;2425;2425;2425;2425;2425;2425;2425;2425;2425;2425;2425;2425;2425;2425
3766;3766;3766;3766;3766;3766;3766;3766;3766;3766;3766;3766;3766;3766;3766;3766;3766;3766;3766;3766;3766;3766;3766;3766;3766;3766;3766;3766
2826;2826;2826;2826;2826;2826;2826;2826;2826;2826;2826;2826;2826;2826;2826;2826;2826;2826;2826;2826;2826;2826;2826;2826;2826;2826;2826;2826
2824;2824;2824;2824;2824;2824;2824;2824;2824;2824;2824;2824;2824;2824;2824;2824;2824;2824;2824;2824;2824;2824;2824;2824;2824;2824;2824;2824
2806;2806;;2806;2806;2806;2806;2806;2806;2806;2806;2806;2806;2806;2806;2806;2806;2806;2806;2806;2806;2806;2806;2806;2806;2806;2806;2806
2820;2820;;2820;2820;2820;2820;2820;2820;2820;2820;2820;2820;2820;2820;2820;2820;2820;2820;2820;2820;2820;2820;2820;2820;2820;2820;2820
2819;2819;;2819;2819;2819;2819;2819;2819;2819;2819;2819;2819;2819;2819;2819;2819;2819;2819;2819;2819;2819;2819;2819;2819;2819;2819;2819
2822;2822;;2822;2822;2822;2822;2822;2822;2822;2822;2822;2822;2822;2822;2822;2822;2822;2822;2822;2822;2822;2822;2822;2822;2822;2822;2822
2818;2818;;2818;2818;2818;2818;2818;2818;2818;2818;2818;2818;2818;2818;2818;2818;2818;2818;2818;2818;2818;2818;2818;2818;2818;2818;2818
2452;2452;2452;2452;2452;2452;2452;2452;2452;2452;2452;2452;2452;2452;2452;2452;2452;2452;2452;2452;2452;2452;2452;2452;2452;2452;2452;2452
2823;2823;2823;2823;2823;2823;2823;2823;2823;2823;2823;2823;2823;2823;2823;2823;2823;2823;2823;2823;2823;2823;2823;2823;2823;2823;2823;2823
2821;2821;2821;2821;2821;2821;2821;2821;2821;2821;2821;2821;2821;2821;2821;2821;2821;2821;2821;2821;2821;2821;2821;2821;2821;2821;2821;2821
2805;2805;2805;2805;2805;2805;2805;2805;2805;2805;2805;2805;2805;2805;2805;2805;2805;2805;2805;2805;2805;2805;2805;2805;2805;2805;2805;2805
6625;;;;6625;6625;6625;;;6625;;;;6625;6625;6625;;;;6625;6625;;;;;;6625;
6622;;;;6622;6622;6622;;;6622;;;;6622;6622;6622;;;;6622;6622;;;;;;6622;
6620;;;;6620;6620;6620;;;6620;;;;6620;6620;6620;;;;6620;6620;;;;;;6620;
6624;;;;6624;6624;6624;;;6624;;;;6624;6624;6624;;;;6624;6624;;;;;;6624;
6626;;;;6626;6626;6626;;;6626;;;;6626;6626;6626;;;;6626;6626;;;;;;6626;
6621;;;;6621;6621;6621;;;6621;;;;6621;6621;6621;;;;6621;6621;;;;;;6621;
;2406;2406;;2406;2406;2406;2406;2406;;2406;2406;;2406;;2406;2406;;;2406;2406;2406;;2406;;;2406;2406
;2458;2458;;2458;2458;2458;2458;2458;;2458;2458;;2458;;2458;2458;;;2458;2458;2458;;2458;;;2458;2458
;2459;2459;;2459;2459;2459;2459;2459;;;2459;;2459;;2459;2459;;;2459;2459;2459;;2459;;;2459;2459
;2460;2460;;2460;2460;2460;2460;2460;;;2460;;2460;;2460;2460;;;2460;2460;2460;;2460;;;2460;2460
;2461;2461;;2461;2461;2461;2461;2461;;2461;2461;;2461;;2461;2461;;;2461;2461;2461;;2461;;;2461;2461
;8057;8057;;8057;8057;8057;8057;8057;;8057;8057;;8057;;8057;8057;;;8057;8057;8057;;8057;;;8057;8057
;8058;8058;;8058;8058;8058;8058;8058;;;8058;;8058;;8058;8058;;;8058;8058;8058;;8058;;;8058;8058
;2381;2381;;2381;2381;2381;2381;2381;;2381;2381;;2381;;2381;2381;;;2381;2381;2381;;2381;;;2381;2381
;2468;2468;;2468;2468;2468;2468;2468;;2468;2468;;2468;;2468;2468;;;2468;2468;2468;;2468;;;2468;2468
;2877;2877;;2877;2877;2877;2877;2877;;;2877;;2877;;2877;2877;;;2877;2877;2877;;2877;;;2877;2877
;2602;2602;;2602;2602;2602;2602;2602;;2602;2602;;2602;;2602;2602;;;2602;2602;2602;;2602;;;2602;2602
;2868;2868;;2868;2868;2868;2868;2868;;;2868;;2868;;2868;2868;;;2868;2868;2868;;2868;;;2868;2868
;4187;4187;;4187;4187;4187;4187;4187;;4187;4187;;4187;;4187;4187;;;4187;4187;4187;;4187;;;4187;4187
;4186;4186;;4186;4186;4186;4186;4186;;;4186;;4186;;4186;4186;;;4186;4186;4186;;4186;;;4186;4186
2535;;2535;2535;2535;2535;2535;2535;;2535;;;;2535;;2535;2535;2535;2535;;;;;2535;;2535;2535;2535
2374;;2374;2374;2374;2374;2374;2374;;2374;;;;2374;;2374;2374;2374;2374;;;;;2374;;2374;2374;2374
;;;4210;4210;4210;4210;4210;;4210;;;;4210;;4210;4210;4210;4210;;;;;;;;4210;4210
;;;3793;3793;3793;3793;3793;;3793;;;;3793;;3793;3793;3793;3793;;;;;;;;3793;3793
;;9807;9807;9807;9807;9807;9807;;9807;;;;9807;;9807;9807;9807;9807;;;;;;;;9807;9807
;;;6684;6684;6684;6684;6684;;6684;;;;6684;;6684;6684;6684;6684;;;;;;;;6684;6684
;;;3794;3794;3794;3794;3794;;3794;;;;3794;;3794;3794;3794;3794;;;;;;;;3794;3794
;;;6657;6657;6657;6657;6657;;6657;;;;6657;;6657;6657;6657;6657;;;;;;;;6657;6657
;;4895;4895;4895;4895;4895;4895;;4895;;;;4895;;4895;4895;4895;4895;;;;;4895;;4895;4895;4895
;;2475;2475;2475;2475;2475;2475;;2475;;;;2475;;2475;2475;2475;2475;;;;;2475;;2475;2475;2475
5737;;5737;5737;5737;5737;5737;5737;;5737;;;;5737;;5737;5737;5737;5737;;;;;5737;;5737;5737;5737
3880;;3880;3880;3880;3880;3880;3880;;3880;;;;3880;;3880;3880;3880;3880;;;;;3880;;3880;3880;3880
;;7208;7208;7208;7208;7208;7208;;7208;;;;7208;;7208;7208;7208;7208;;;;;7208;;7208;7208;7208
;;2608;2608;2608;2608;2608;2608;;2608;;;;2608;;2608;2608;2608;2608;;;;;2608;;2608;2608;2608
;;2573;2573;2573;2573;2573;2573;;2573;;;;2573;;2573;2573;2573;2573;;;;;2573;;2573;2573;2573
;;;2579;2579;2579;2579;2579;;2579;;;;2579;;2579;2579;2579;2579;;;;;2579;;2579;2579;2579
;;2548;2548;2548;2548;2548;2548;;2548;;;;2548;;2548;2548;2548;2548;;;;;2548;;2548;2548;2548
;;2587;2587;2587;2587;2587;2587;;2587;;;;2587;;2587;2587;2587;2587;;;;;2587;;2587;2587;2587
;;2600;2600;2600;2600;2600;2600;;2600;;;;2600;;2600;2600;2600;2600;;;;;2600;;2600;2600;2600
;;6484;6484;6484;6484;6484;6484;;6484;;;;6484;;6484;6484;6484;6484;;;;;6484;;6484;6484;6484
;;;;3508;3508;3508;3508;;;;;;;;;;;;;;;;3508;;;3508;3508
5407;;5407;;5407;5407;5407;5407;5407;;5407;;5407;5407;5407;5407;5407;;;5407;;5407;;5407;;5407;5407;5407
2607;;2607;;2607;2607;2607;2607;2607;;2607;;2607;2607;2607;2607;2607;;;2607;;2607;;2607;;2607;2607;2607
3496;;3496;;3496;3496;3496;3496;3496;;3496;;3496;3496;3496;3496;3496;;;3496;;3496;;3496;;3496;3496;3496
2776;;2776;;2776;2776;2776;2776;2776;;2776;;2776;2776;2776;2776;2776;;;2776;;2776;;2776;;2776;2776;2776
9724;;9724;;9724;9724;9724;9724;9724;;9724;;9724;9724;9724;9724;9724;;;9724;;9724;;9724;;9724;9724;9724
5736;;5736;;5736;5736;5736;5736;5736;;5736;;5736;5736;5736;5736;5736;;;5736;;5736;;5736;;5736;5736;5736
2507;;2507;;2507;2507;2507;2507;2507;;2507;;2507;2507;2507;2507;2507;;;2507;;2507;;2507;;2507;2507;2507
;;;4236;4236;4236;4236;4236;;4236;;;;;;4236;4236;4236;4236;4236;4236;4236;;4236;;4236;4236;4236
;;;3160;3160;3160;3160;3160;;;;;;;;3160;3160;3160;3160;3160;3160;3160;;3160;;3160;3160;3160
;;;3702;3702;3702;3702;3702;;;;;;;;3702;3702;3702;3702;3702;3702;3702;;3702;;3702;3702;3702
;;;3703;3703;3703;3703;3703;;3703;;;;;;3703;3703;3703;3703;3703;3703;3703;;3703;;3703;3703;3703
;;;3705;3705;3705;3705;3705;;3705;;;;;;3705;3705;3705;3705;3705;3705;3705;;3705;;3705;3705;3705
;;;2457;2457;2457;2457;2457;;2457;;;;;;2457;2457;2457;2457;2457;2457;2457;;2457;;2457;2457;2457
;;;8961;8961;8961;8961;8961;;;;;;;;8961;8961;8961;8961;8961;8961;8961;;8961;;8961;8961;8961
;;;2901;2901;2901;2901;2901;;2901;;;;;;2901;2901;2901;2901;2901;2901;2901;;2901;;2901;2901;2901
;;;3715;3715;3715;3715;3715;;;;;;;;3715;3715;3715;3715;3715;3715;3715;;3715;;3715;3715;3715
;;;3716;3716;3716;3716;3716;;3716;;;;;;3716;3716;3716;3716;3716;3716;3716;;3716;;3716;3716;3716
;;;3717;3717;3717;3717;3717;;;;;;;;3717;3717;3717;3717;3717;3717;3717;;3717;;3717;3717;3717
;;;3718;3718;3718;3718;3718;;3718;;;;;;3718;3718;3718;3718;3718;3718;3718;;3718;;3718;3718;3718
;;;3700;3700;3700;3700;3700;;3700;;;;;;3700;3700;3700;3700;3700;3700;3700;;3700;;3700;3700;3700
;;;8960;8960;8960;8960;8960;;8960;;;;;;8960;8960;8960;8960;8960;8960;8960;;8960;;8960;8960;8960
;;;3701;3701;3701;3701;3701;;3701;;;;;;3701;3701;3701;3701;3701;3701;3701;;3701;;3701;3701;3701
;;;5908;5908;5908;5908;5908;;;;;;;;5908;5908;5908;5908;5908;5908;5908;;5908;;5908;5908;5908
;;;5010;5010;5010;5010;5010;;5010;;;;;;5010;5010;5010;5010;5010;5010;5010;;5010;;5010;5010;5010
;;;3667;3667;3667;3667;3667;;3667;;;;;;3667;3667;3667;3667;3667;3667;3667;;3667;;3667;3667;3667
;;;3668;3668;3668;3668;3668;;3668;;;;;;3668;3668;3668;3668;3668;3668;3668;;3668;;3668;3668;3668
;;;3771;3771;3771;3771;3771;;3771;;;;;;3771;3771;3771;3771;3771;3771;3771;;3771;;3771;3771;3771
;;;8852;8852;8852;8852;8852;;8852;;;;;;8852;8852;8852;8852;8852;8852;8852;;8852;;8852;8852;8852
;;;;6253;6253;6253;6253;;6253;;;;;;6253;6253;;;6253;;6253;;6253;;6253;6253;6253
;;;2436;2436;2436;2436;2436;;;;;;2436;;2436;2436;2436;2436;2436;;2436;;2436;;2436;2436;2436
8078;;;;;;8078;8078;;;;;;8078;;8078;8078;;;;;8078;;;;;8078;
;;7967;;;;7967;7967;;;7967;7967;;;;;7967;;;;;7967;;7967;;;7967;
;;5692;;;;5692;5692;;;5692;5692;;;;;5692;;;;;5692;;5692;;;5692;
;;;2510;2510;2510;2510;2510;;;;;;2510;;2510;2510;2510;2510;2510;;2510;;2510;;2510;2510;2510
;;4904;;4904;4904;4904;4904;;;;4904;;;;4904;4904;;;4904;;4904;4904;4904;;;4904;
;;;;;;6804;6804;;;;6804;;;;6804;6804;;;6804;;6804;;6804;6804;;6804;
;;;5637;5637;5637;5637;5637;;;;5637;;;;5637;5637;5637;5637;5637;5637;5637;;5637;;5637;5637;5637
;;;6516;6516;6516;6516;6516;;;;6516;;;;6516;6516;6516;6516;6516;6516;6516;;6516;;6516;6516;6516
;;;6488;6488;6488;6488;6488;;;;6488;;;;6488;6488;6488;6488;6488;6488;6488;;6488;;6488;6488;6488
;;;6688;6688;6688;6688;6688;;;;6688;;;;6688;6688;6688;6688;6688;6688;6688;;6688;;6688;6688;6688
7285;;;7285;7285;7285;7285;7285;;;;7285;;;;7285;7285;7285;7285;7285;7285;7285;;7285;;7285;7285;7285
;;;7284;7284;7284;7284;7284;;;;7284;;;;7284;7284;7284;7284;7284;7284;7284;;7284;;7284;7284;7284
;;;5367;5367;5367;5367;5367;;;;5367;;;;5367;5367;5367;5367;5367;5367;5367;;5367;;5367;5367;5367
;;;5287;5287;5287;5287;5287;;;;5287;;;;5287;5287;5287;5287;5287;5287;5287;;5287;;5287;5287;5287
;;;5406;5406;5406;5406;5406;;;;5406;;;;5406;5406;5406;5406;5406;5406;5406;;5406;;5406;5406;5406
;;;5368;5368;5368;5368;5368;;;;5368;;;;5368;5368;5368;5368;5368;5368;5368;;5368;;5368;5368;5368
;;;6393;6393;6393;6393;6393;;;;6393;;;;6393;6393;6393;6393;6393;6393;6393;;6393;;6393;6393;6393
;;;8443;8443;8443;8443;8443;;;;8443;;;;8443;8443;8443;8443;8443;8443;8443;;8443;;8443;8443;8443
;;;4945;4945;4945;4945;4945;;;;4945;;;;4945;4945;4945;4945;4945;4945;4945;;4945;;4945;4945;4945
;;;4946;4946;4946;4946;4946;;;;4946;;;;4946;4946;4946;4946;4946;4946;4946;;4946;;4946;4946;4946
;;;4948;4948;4948;4948;4948;;;;4948;;;;4948;4948;4948;4948;4948;4948;4948;;4948;;4948;4948;4948
;;;4949;4949;4949;4949;4949;;;;4949;;;;4949;4949;4949;4949;4949;4949;4949;;4949;;4949;4949;4949
;;;9681;9681;9681;9681;9681;;;;9681;;;;9681;9681;9681;9681;9681;9681;9681;;9681;;9681;9681;9681
;;;4953;4953;4953;4953;4953;;;;4953;;;;4953;4953;4953;4953;4953;4953;4953;;4953;;4953;4953;4953
;;;4950;4950;4950;4950;4950;;;;4950;;;;4950;4950;4950;4950;4950;4950;4950;;4950;;4950;4950;4950
4951;;;4951;4951;4951;4951;4951;;;;4951;;;;4951;4951;4951;4951;4951;4951;4951;;4951;;4951;4951;4951
;;;4943;4943;4943;4943;4943;;;;4943;;;;4943;4943;4943;4943;4943;4943;4943;;4943;;4943;4943;4943
;;;5133;5133;5133;5133;5133;;;;5133;;;;5133;5133;5133;5133;5133;5133;5133;;5133;;5133;5133;5133
;;;8875;8875;8875;8875;8875;;;;8875;;;;8875;8875;8875;8875;8875;8875;8875;;8875;;8875;8875;8875
;;;4952;4952;4952;4952;4952;;;;4952;;;;4952;4952;4952;4952;4952;4952;4952;;4952;;4952;4952;4952
;;;4944;4944;4944;4944;4944;;;;4944;;;;4944;4944;4944;4944;4944;4944;4944;;4944;;4944;4944;4944
;;;4954;4954;4954;4954;4954;;;;4954;;;;4954;4954;4954;4954;4954;4954;4954;;4954;;4954;4954;4954
;;6676;6676;6676;6676;6676;6676;;6676;;;;;;6676;6676;6676;6676;;;;;;;;6676;6676
;;6675;6675;6675;6675;6675;6675;;6675;;;;;;6675;6675;6675;6675;;;;;;;;6675;6675
;;6092;6092;6092;6092;6092;6092;;6092;;;;;;6092;6092;6092;6092;;;;;;;;6092;6092
;;7467;7467;7467;7467;7467;7467;7467;7467;;;7467;;;7467;7467;7467;7467;7467;;7467;7467;7467;;;7467;7467
;;7676;7676;7676;7676;7676;7676;;7676;;;;7676;;7676;7676;7676;7676;7676;;7676;7676;7676;;;7676;7676
;;7459;7459;7459;7459;7459;7459;;7459;;;;7459;;7459;7459;7459;7459;7459;;7459;7459;7459;;;7459;7459
;;4112;4112;4112;4112;4112;4112;;4112;;;;;;4112;4112;4112;4112;4112;;4112;4112;4112;;;4112;4112
;;5989;5989;5989;5989;5989;5989;;5989;;;5989;;;5989;5989;5989;5989;5989;;5989;5989;5989;;;5989;5989
;;7707;7707;7707;7707;7707;7707;7707;7707;;;7707;;;7707;7707;7707;7707;7707;;7707;7707;7707;;;7707;7707