6612;2805, 6910, 6598, 2475, 7467
6602;2825, 2524, 4895, 7467, 6598
6607;2828, 9753, 2374, 7676, 8754
6603;2827, 6660, 2475, 7467, 8751
6606;2824, 6912, 6596, 2475, 7467, 5989
6613;3765, 6912, 2579, 5989, 8748
6610;3765, 6912, 2579, 5989, 8748
6600;2828, 6904, 6598, 2374, 5737
6609;2823, 6900, 2475, 7467, 6598
6599;2825, 6911, 4895, 7467, 8748
4119;7450, 2826, 9807, 7467, 8748
6608;2823, 6900, 2475, 7467, 6598
6604;7450, 2826, 9807, 7467, 8748
6601;2824, 6900, 2475, 7467, 8748
4858;2825, 6911, 4895, 7467, 8748
4118;7450, 2826, 9807, 7467, 8748
4857;2824, 6900, 2475, 7467, 8748
6615;2825, 2524, 4895, 7467, 6598
6617;2824, 6912, 6596, 2475, 7467, 5989
6619;2823, 6900, 2475, 7467, 6598
4120;7450, 2826, 9807, 7467, 8748
6618;2823, 6900, 2475, 7467, 6598
6616;7450, 2826, 9807, 7467, 8748
6614;2824, 6900, 2475, 7467, 8748
6189;2828, 6621
5926;2828
5927;2805
6184;2825
6180;2806
4092;2806
5923;2827, 2819
6190;2824
5928;2824
6191;3765
6852;3765
5919;2828, 6904, 6598, 2374, 5737
6183;2828
6179;2828
6853;2826
6182;2825, 6911, 4895, 7467, 8748
5925;2824
5924;2825
7411;2825, 2524, 4895, 7467, 6598
4532;2825, 2524, 4895, 7467, 6598
7403;2827, 6660, 2475, 7467, 8752
4534;2827, 6660, 2475, 7467, 8751
7404;2824, 6912, 6596, 2475, 7467, 5989
6127;2824, 6912, 6596, 2475, 7467, 5989
2398;7450, 2826, 9807, 7467, 8748
6645;3765, 6912, 2579, 5989, 8748
2862;3765, 6912, 2579, 5989, 8748
4536;3765, 6912, 2579, 5989, 8748
4535;2828, 6904, 6598, 2374, 5737
7408;2828, 6904, 6598, 2374, 5737
6642;2823, 6900, 2475, 7467, 6598
7462;2823, 6900, 2475, 7467, 6598
6644;7450, 2826, 9807, 7467, 8748
2400;7450, 2826, 9807, 7467, 8748
7409;2823, 6900, 2475, 7467, 6598
6128;2823, 6900, 2475, 7467, 6598
6643;2825, 6911, 4895, 7467, 8748
4533;2825, 6911, 4895, 7467, 8748
7412;2825, 6911, 4895, 7467, 8748
7410;2824, 6900, 2475, 7467, 8748
6126;2824, 6900, 2475, 7467, 8748
6129;2824, 6900, 2475, 7467
6135;2824, 6900, 2475, 7467
6131;2824, 6900, 2475, 7467
6134;2824, 6900, 2475, 7467
6133;2824, 6900, 2475, 7467
6130;2824, 6900, 2475, 7467
2867;2824, 6900, 2475, 7467
3642;2824, 6900, 2475, 7467
3638;2824, 6900, 2475, 7467
3639;2824, 6900, 2475, 7467
3640;2824, 6900, 2475, 7467
2403;2824, 6900, 2475, 7467
4627;2824, 6900, 2475, 7467
6304;2824, 6900, 2475, 7467
6303;2824, 6900, 2475, 7467
6302;2824, 6900, 2475, 7467
6301;2824, 6900, 2475, 7467
2397;2827, 6660, 2475, 7467, 8751
5935;2824, 6900, 2475, 7467
3678;2824, 6900, 2475, 7467
2863;2824, 6900, 2475, 7467
3675;2824, 6900, 2475, 7467
3645;2824, 6900, 2475, 7467
3657;2824, 6900, 2475, 7467
3658;2824, 6900, 2475, 7467
3671;2824, 6900, 2475, 7467
3772;2824, 6900, 2475, 7467
3679;7450, 2826, 9807, 7467, 8748
3682;7450, 2826, 9807, 7467, 8748
2866;2825, 6911, 4895, 7467, 8748
2865;2824, 6900, 2475, 7467, 8748
6307;2828, 8741, 2374, 8753
6306;2805, 6910, 6598, 2475, 7467
6634;2825, 2524, 4895, 7467, 6598
7458;2825, 2524, 4895, 7467, 6598
4529;2825, 2524, 4895, 7467, 6598
2859;2828, 9753, 2374, 7676, 8754
7460;2827, 6660, 2475, 7467, 8752
6636;2827, 6660, 2475, 7467, 6596
4530;2827, 6660, 2475, 7467, 8751
6308;2824, 4698, 2475, 7467
5936;2824, 6912, 6596, 2475, 7467, 5989
7405;2824, 6912, 6596, 2475, 7467, 5989
7461;3765, 6912, 2579, 5989, 8748
2861;2823, 6900, 2475, 7467, 6598
6305;2823, 6900, 2475, 7467, 6598
4628;2823, 6900, 2475, 7467, 6598
6637;2823, 6900, 2475, 7467, 6598
7457;2823, 6900, 2475, 7467, 6598
3697;7450, 2826, 9807, 7467, 8748
7407;2823, 6900, 2475, 7467, 6598
4531;2823, 6900, 2475, 7467, 6598
4528;2825, 6911, 4895, 7467, 8748
7406;2825, 6911, 4895, 7467, 8748
6635;2825, 6911, 4895, 7467, 8748
4527;2824, 6900, 2475, 7467, 8748
6638;2824, 6900, 2475, 7467, 8748
3283;2825, 2524, 4895, 7467, 6598
7402;2825, 2524, 4895, 7467, 6598
3285;2827, 6660, 2475, 7467, 8751
6641;2827, 6660, 2475, 7467, 8751
3286;3765, 6912, 2579, 5989, 8748
7401;3765, 6912, 2579, 5989, 8748
3299;2824, 6900, 2475, 7467
3289;2823, 6900, 2475, 7467, 6598
7463;2823, 6900, 2475, 7467, 6598
6639;2825, 6911, 4895, 7467, 8748
3287;2825, 6911, 4895, 7467, 8748
7456;2824, 6900, 2475, 7467, 8748
6640;2824, 6900, 2475, 7467, 8748
4724;2825, 2524, 4895, 7467, 6598
5759;2828, 9753, 2374, 7676, 8754
4726;2827, 6660, 2475, 7467, 8751
4859;2824, 6900, 2475, 7467
2907;2824, 6900, 2475, 7467
7145;2824, 6900, 2475, 7467
4122;2824, 6900, 2475, 7467
5461;2824, 6900, 2475, 7467
6122;2824, 6912, 6596, 2475, 7467, 5989
4728;3765, 6912, 2579, 5989, 8748
6124;2828, 6904, 8751
5760;3765, 6912, 2579, 5989, 8748
6390;2823, 6900, 2475, 7467, 6598
4121;7450, 2826, 9807, 7467, 8748
6123;2823, 6900, 2475, 7467, 6598
4617;2825, 6911, 4895, 7467, 8748
4616;2824, 6900, 2475, 7467, 8748
4156;2825, 2524, 4895, 7467, 6598
5401;2828, 9753, 2374, 7676, 8754
4157;2827, 6660, 2475, 7467, 8751
4723;2824, 6900, 2475, 7467
4614;2824, 6912, 6596, 2475, 7467, 5989
4613;3765, 6912, 2579, 5989, 8748
5761;2823, 6900, 2475, 7467, 6598
4474;2823, 6900, 2475, 7467, 6598
4615;2825, 6911, 4895, 7467, 8748
4170;2824, 6900, 2475, 7467, 8748
4292;3765, 6912, 2579, 5989, 8748
6392;2823, 6900, 2475, 7467, 6598
4856;2823, 6900, 2374, 3880, 7676
4414;2825, 2524, 4895, 7467, 6598
6391;2828, 9753, 2374, 7676, 8754
4416;2827, 6660, 2475, 7467, 8751
4855;2824, 6912, 6596, 2475, 7467, 5989
4415;2825, 6911, 4895, 7467, 8748
4767;2824, 6900, 2475, 7467, 8748
8136;2825, 2524, 4895, 7467, 6598
8400;2828, 9753, 2374, 7676, 8754
8137;2827, 6660, 2475, 7467, 8751
8138;2824, 6912, 6596, 2475, 7467, 5989
8139;3765, 6912, 2579, 5989, 8748
8140;2823, 6900, 2475, 7467, 6598
8519;2823, 6900, 2475, 7467, 6598
8141;2825, 6911, 4895, 7467, 8748
8142;2824, 6900, 2475, 7467, 8748
4059;2825, 6911, 4895, 7467, 8748
4056;2825, 6911, 4895, 7467, 8748
4062;2825, 6911, 4895, 7467, 8748
4067;2825, 6911, 4895, 7467, 8748
2417;7450, 2826, 9807, 7467, 8748
6721;2825, 2524, 4895, 7467, 6598
6722;2827, 6660, 2475, 7467, 8751
6724;2824, 6912, 6596, 2475, 7467, 5989
6727;2823, 6900, 2475, 7467, 6598
6725;2823, 6900, 2475, 7467, 6598
6720;2825, 6911, 4895, 7467, 8748
6719;2824, 6900, 2475, 7467, 8748
6738;2825, 2524, 4895, 7467, 6598
6739;2827, 6660, 2475, 7467, 8751
6743;2824, 6912, 6596, 2475, 7467, 5989
6745;2823, 6900, 2475, 7467, 6598
6744;2823, 6900, 2475, 7467, 6598
6731;2825, 6911, 4895, 7467, 8748
6729;2824, 6900, 2475, 7467, 8748
4222;2828, 6904, 6598, 2374, 5737
2875;2828, 6904, 6598, 2374, 5737
4221;2825, 2524, 4895, 7467, 6598
2872;2825, 2524, 4895, 7467, 6598
4220;2827, 6660, 2475, 7467, 8751
2873;2824, 6912, 6596, 2475, 7467, 5989
6172;2824, 6912, 6596, 2475, 7467, 5989
4223;3765, 6912, 2579, 5989, 7452
6856;2823, 6900, 2475, 7467, 6598
2380;2823, 6900, 2475, 7467, 6598
6855;2823, 6900, 2475, 7467, 6598
4224;2825, 6911, 4895, 7467, 8748
2383;2825, 6911, 4895, 7467, 8748
6854;2824, 6900, 2475, 7467, 8748
2874;2824, 6900, 2475, 7467, 8748
6168;2828, 6904, 6598, 2374, 5737
4835;2825, 2524, 4895, 7467, 6598
4836;2827, 6660, 2475, 7467, 7452
2910;2824, 6900, 2475, 7467
6170;2824, 6900, 2475, 7467
6169;2824, 6900, 2475, 7467
7265;2824, 6900, 2475, 7467
7267;2824, 6900, 2475, 7467
7268;2824, 6900, 2475, 7467
7264;2824, 6900, 2475, 7467
4123;2824, 6900, 2475, 7467
5985;2824, 6912, 6596, 2475, 7467, 5989
5933;3765, 6912, 2579, 5989, 8748
6384;3765, 6912, 2579, 5989, 8748
4113;7450, 2826, 9807, 7467, 8748
5932;2823, 6900, 2475, 7467, 6598
4834;2825, 6911, 4895, 7467, 8748
4833;2824, 6900, 2475, 7467, 8748
6385;2825, 2524, 4895, 7467, 6598
6386;2827, 6660, 2475, 7467, 8751
6387;2824, 6912, 6596, 2475, 7467, 5989
6389;3765, 6912, 2579, 5989, 8748
5403;2828, 6904, 6598, 2374, 5737
5402;2825, 6911, 4895, 7467, 8748
6388;2823, 6900, 2475, 7467, 6598
4837;2824, 6900, 2475, 7467, 8748
4116;2828, 6904, 8751
4115;7450, 2826, 9807, 7467, 8748
5934;2824, 6900, 2475, 7467, 8748
4117;7450, 2826, 9807, 7467, 8748
4114;2824, 6900, 2475, 7467, 8748
6174;2828
5962;2806
5963;2824
5957;2828
6175;3766
3879;3766
6176;3766
6747;2825
5961;2824
5959;2825
2565;2825
2903;2828
4630;2828
2904;2806
4629;2824
2396;2828
2905;3766
2906;2825
4631;3766
2376;2825
2908;2825, 6911, 4895, 7467, 8748
6596;2828, 6900, 2374, 3880, 7676
6598;2828, 6900, 2374, 3880, 7676
8753;2823, 6900, 2374, 3880, 7676
8754;2823, 6900, 2374, 3880, 7676
6595;2828, 6900, 2374, 3880, 7676
6594;2828, 6900, 2374, 3880, 7676
8751;2823, 6900, 2374, 3880, 7676
8752;2823, 6900, 2374, 3880, 7676
8748;2823, 6900, 2374, 3880, 7676
8747;2823, 6900, 2374, 3880, 7676
2594;2823, 6900, 2374, 3880, 7676
7452;2823, 6900, 2374, 3880, 7676
6567;6714, 7156, 6703, 7242, 7150, 7155, 7148, 6547, 4071
8741;2828, 2374, 8753
6910;2805, 6598, 2475, 7467
2524;2825, 4895, 7467, 6598
6897;2806, 3793, 8753
9753;2828, 2374, 7676, 8754
6660;2827,  6660, 2475, 7467, 7452
4698;2824, 2475, 7467
6912;2824, 6596, 2475, 7467, 5989
6904;2828, 6598, 2374, 5737
6911;2825, 4895, 7467, 8748
4124;7450, 2826, 9807, 7467, 8748
7450;2826, 9807, 7467, 8748
6900;2824, 2475, 7467, 8748
2384;2828
2952;2828
2954;2828
2955;2806
2387;2824, 6912, 2475, 7467, 5989
2385;2824
2953;2825
5953;2828, 6598, 2374, 5737
5956;2828
5955;2806
5954;2827, 2819
6240;2824, 6912, 2475, 7467, 5989
6223;2828
6228;2825
7156;6567
7234;6567
6710;6567
6714;6567
6715;6567
6708;6567
6713;6567
2415;6567
6569;2825, 2524, 4895, 7467, 7452
6568;2827, 6660, 2475, 7467, 7452
2456;2827, 6660, 2475, 7467, 7452
3632;2827, 6660, 2475, 7467, 7452
6570;2824, 6912, 7452, 2475, 7467, 5989
7240;3765, 6912, 2579, 5989, 7452
7069;7452, 2823, 6900, 2475, 7467
2453;7452, 2823, 6900, 2475, 7467
6571;7452, 2825, 6911, 4895, 7467
7068;7452, 2824, 6900, 2475, 7467
7236;6567
7237;6567
7235;6567
6703;6567
6705;6567
6699;6567
6707;6567
6704;6567
7241;6567
7242;6567
7150;6567
7155;6567
7148;6567
7238;6567
2925;6567
6574;6567
6576;6567
6573;6567
7149;6567
7239;6567
6572;6567
3808;2828, 9753, 2374, 7676, 7452
3807;7452, 2823, 6900, 2475, 7467
3806;7452, 2824, 6900, 2475, 7467
3810;2828, 9753, 2374, 7676,7452
3812;2824, 6912, 7452, 2475, 7467, 5989
3811;7452, 2823, 6900, 2475, 7467
3809;7452, 2824, 6900, 2475, 7467
4235;7452
8412;2825, 2524, 4895, 7467, 7452
4161;2828, 9753, 2374, 7676, 7452
8413;2827, 6660, 2475, 7467, 7452
2923;2824, 6912, 7452, 2475, 7467, 5989
4162;3765, 6912, 2579, 5989, 7452
4159;7452, 2823, 6900, 2475, 7467
2922;7452, 2823, 6900, 2475, 7467
2909;7452
8411;7452, 2825, 6911, 4895, 7467
3195;7452, 2824, 6900, 2475, 7467
2924;7452, 2824, 6900, 2475, 7467
2914;2825, 2524, 4895, 7467, 6598
2911;2828, 9753, 2374, 7676, 8754
2917;2824, 6912, 6596, 2475, 7467, 5989
2916;7452, 2823, 6900, 2475, 7467
2915;7452, 2825, 6911, 4895, 7467
2918;7452, 2824, 6900, 2475, 7467
2920;2824, 6912, 6596, 2475, 7467, 5989
2919;7452, 2823, 6900, 2475, 7467
2921;7452, 2824, 6900, 2475, 7467
4069;2824, 6900, 2475, 7467
4068;2824, 6900, 2475, 7467
4071;2824, 6900, 2475, 7467
2828;69074, 2374, 7676, 8752
2827;6660,  6660, 2475, 7467, 7452
3765;6912, 7452, 2579
2825;2818, 6911, 4895, 7467, 8748
2425;4124, 9807, 6595
3766;6596, 6960, 2475, 5989
2826;7450, 7208, 7467, 7452
2824;6900, 2475, 7467, 8748
2806;69074, 2374, 7676, 8752
2819;6660,  6660, 2475, 7467, 7452
2822;6912, 7452, 2579
2818;2825, 6911, 4895, 7467, 8748
2452;4124, 9807, 6595
2823;6596, 6960, 2475, 5989
2821;7450, 7208, 9807, 7467, 7452
2805;6900, 2475, 7467, 8748
6625;2828
6622;2805
6620;2825
6624;2806
6626;2827, 2819
6621;2828
2406;2826, 6900, 9807, 5989, 6595, 5407
2458;2826, 6900, 9807, 5989, 6595, 5408
2459;2826, 6900, 9807, 5989, 6595, 5409
2460;2826, 6900, 9807, 5989, 6595, 5410
2461;2826, 6900, 9807, 5989, 6595, 5411
8057;2826, 6900, 9807, 5989, 6595, 5412
8058;2826, 6900, 9807, 5989, 6595, 5413
2381;2826, 6900, 9807, 5989, 6595, 5414
2468;2826, 6900, 9807, 5989, 6595, 5415
2877;2826, 6900, 9807, 5989, 6595, 5416
2602;2826, 6900, 9807, 5989, 6595, 5417
2868;2826, 6900, 9807, 5989, 6595, 5418
4187;2826, 6900, 9807, 5989, 6595, 5419
4186;2826, 6900, 9807, 5989, 6595, 5420
2535;2828, 6904, 6598, 2374, 5737
2374;2828, 6904, 6598, 5737
4210;2828
3793;2806, 6897, 8753
9807;7450, 7208, 7467, 7452
6684;2828
3794;2828
6657;2828
4895;2825, 4895, 7467, 8748
2475;2824, 6900, 2608 7467, 8748
5737;2828, 6904, 6598, 2374, 5737
3880;2828, 6904, 6598, 2374, 5737
7208;7450, 9807, 7467, 7452
2608;2824, 6900, 2475, 7467, 8748
2573;7450, 7208, 7467, 7452
2579;6912, 7452
2548;3766, 6596
2587;2825, 4895, 7467, 8748
2600;2824, 6900, 2475, 7467, 8748
6484;2824, 6900, 2475, 7467, 8749
3508;2825, 2524, 4895, 7467, 6598
5407;2824
2607;2824
3496;2824
2776;2824
9724;2824
5736;2824
2507;2824
4236;2825, 6911, 4895, 7467, 8748
3160;2824, 6900, 2475, 7467, 8748
3702;7450, 2826, 9807, 7467, 8748
3703;2825, 6911, 4895, 7467, 8748
3705;2824, 6900, 2475, 7467, 8748
2457;2825, 6911, 4895, 7467, 8748
8961;7450, 2826, 9807, 7467, 8748
2901;2824, 6900, 2475, 7467, 8748
3715;7450, 2826, 9807, 7467, 8748
3716;2825, 6911, 4895, 7467, 8748
3717;7450, 2826, 9807, 7467, 8748
3718;2824, 6900, 2475, 7467, 8748
3700;2825, 6911, 4895, 7467, 8748
8960;2824, 6900, 2475, 7467, 8748
3701;2824, 6900, 2475, 7467, 8748
5908;2824, 6900, 2475, 7467
5010;2825, 6911, 4895, 7467, 8748
3667;2825, 6911, 4895, 7467, 8748
3668;2824, 6900, 2475, 7467, 8748
3771;2825, 6911, 4895, 7467, 8748
8852;2824, 6900, 2475, 7467, 8748
6253;2824, 6900, 2475, 7467, 8748
2436;2828, 6904, 6598, 2374, 5737
8078;2828, 6904, 6598, 2374, 5737
7967;
5692;
2510;2828
4904;7450, 2826, 9807, 7467, 8748
6804;
5637;2825, 2524, 4895, 7467, 6598
6516;2827, 6660, 2475, 7467, 8751
6488;2824, 6912, 6596, 2475, 7467, 5989
6688;3765, 6912, 2579, 5989, 8748
7285;2828, 6904, 6598, 2374, 5737
7284;2825, 2524, 4895, 7467, 6598
5367;2825, 6911, 4895, 7467, 8748
5287;2825, 6911, 4895, 7467, 8748
5406;2825, 2524, 4895, 7467, 6598
5368;2824, 6900, 2475, 7467, 8748
6393;2824, 6912, 6596, 2475, 7467, 5989
8443;2828, 8741, 2374, 8753
4945;2805, 6910, 6598, 2475, 7467
4946;2825, 2524, 4895, 7467, 6598
4948;2828, 9753, 2374, 7676, 8754
4949;2827, 6660, 2475, 7467, 8751
9681;2827, 6660, 2475, 7467, 8751
4953;2824, 6912, 6596, 2475, 7467, 5989
4950;3765, 6912, 2579, 5989, 8748
4951;2828, 6904, 6598, 2374, 5737
4943;2825, 2524, 4895, 7467, 6598
5133;2825, 2524, 4895, 7467, 6598
8875;2825, 2524, 4895, 7467, 6598
4952;2825, 6911, 4895, 7467, 8748
4944;2825, 6911, 4895, 7467, 8748
4954;2824, 6900, 2475, 7467, 8748
6676;2828
6675;2828
6092;2806
7467;2824, 6900, 2475, 8748
7676;2828, 6904, 6598, 2374, 5737
7707;2828, 6904, 6598, 2374, 5736
7459;2828, 6904, 6598, 2374, 5737
4112;2828, 6904, 6598, 2374, 5738
5989;2828, 6904, 6598, 2374, 5739